,url
0,https://www.yelp.com/biz/everytable-los-angeles-32?osq=Restaurants
1,https://www.yelp.com/biz/its-a-wrap-los-angeles-6?osq=Restaurants
2,https://www.yelp.com/biz/hollywood-wraps-los-angeles-5?osq=Restaurants
3,https://www.yelp.com/biz/simply-salad-los-angeles-13?osq=Restaurants
4,https://www.yelp.com/biz/alfalfa-santa-monica?osq=Restaurants
5,https://www.yelp.com/biz/pipeline-wraps-los-angeles-5?osq=Restaurants
6,https://www.yelp.com/biz/whatsub-santa-monica?osq=Restaurants
7,https://www.yelp.com/biz/hollywood-wraps-los-angeles-8?osq=Restaurants
8,https://www.yelp.com/biz/mango-tango-la-brea-inglewood?osq=Restaurants
9,https://www.yelp.com/biz/chop-stop-los-angeles-5?osq=Restaurants
10,https://www.yelp.com/biz/blazed-n-glazed-asian-grill-los-angeles?osq=Restaurants
11,https://www.yelp.com/biz/schnitzly-los-angeles?osq=Restaurants
12,https://www.yelp.com/biz/earl-of-sandwich-los-angeles?osq=Restaurants
13,https://www.yelp.com/biz/calif-chicken-cafe-los-angeles?osq=Restaurants
14,https://www.yelp.com/biz/its-a-wrap-los-angeles-9?osq=Restaurants
15,https://www.yelp.com/biz/its-a-wrap-los-angeles-10?osq=Restaurants
16,https://www.yelp.com/biz/wrapstar-culver-city?osq=Restaurants
17,https://www.yelp.com/biz/eat-your-veggies-los-angeles-2?osq=Restaurants
18,https://www.yelp.com/biz/hollywood-wraps-los-angeles-6?osq=Restaurants
19,https://www.yelp.com/biz/everytable-los-angeles-22?osq=Restaurants
20,https://www.yelp.com/biz/wonderland-wraps-los-angeles?osq=Restaurants
21,https://www.yelp.com/biz/wrapstar-beverly-hills?osq=Restaurants
22,https://www.yelp.com/biz/keto-shop-los-angeles?osq=Restaurants
23,https://www.yelp.com/biz/everytable-west-hollywood?osq=Restaurants
24,https://www.yelp.com/biz/fruit-gallery-venice?osq=Restaurants
25,https://www.yelp.com/biz/everytable-los-angeles-17?osq=Restaurants
26,https://www.yelp.com/biz/simply-salad-los-angeles-10?osq=Restaurants
27,https://www.yelp.com/biz/its-a-wrap-los-angeles-8?osq=Restaurants
28,https://www.yelp.com/biz/pipeline-wraps-los-angeles?osq=Restaurants
29,https://www.yelp.com/biz/meatdelicate-los-angeles-4?osq=Restaurants
30,https://www.yelp.com/biz/everytable-los-angeles-18?osq=Restaurants
31,https://www.yelp.com/biz/everytable-santa-monica-2?osq=Restaurants
32,https://www.yelp.com/biz/pipeline-wraps-los-angeles-2?osq=Restaurants
33,https://www.yelp.com/biz/everytable-los-angeles-29?osq=Restaurants
34,https://www.yelp.com/biz/everytable-los-angeles-26?osq=Restaurants
35,https://www.yelp.com/biz/everytable-los-angeles-31?osq=Restaurants
36,https://www.yelp.com/biz/goop-kitchen-santa-monica-west-los-angeles?osq=Restaurants
37,https://www.yelp.com/biz/the-buffalo-spot-crenshaw-crenshaw?osq=Restaurants
38,https://www.yelp.com/biz/hollywood-wraps-los-angeles-10?osq=Restaurants
39,https://www.yelp.com/biz/everytable-los-angeles-27?osq=Restaurants
40,https://www.yelp.com/biz/everytable-los-angeles-23?osq=Restaurants
41,https://www.yelp.com/biz/harmony-wraps-los-angeles?osq=Restaurants
42,https://www.yelp.com/biz/hollywood-wraps-los-angeles-2?osq=Restaurants
43,https://www.yelp.com/biz/healthy-favorites-los-angeles?osq=Restaurants
44,https://www.yelp.com/biz/the-buffalo-spot-inglewood-inglewood?osq=Restaurants
